[{"model": "admin.logentry", "pk": 1, "fields": {"action_time": "2025-03-13T07:38:49.070Z", "user": 3, "content_type": 7, "object_id": "189", "object_repr": "blue +2 base_cards/18.png", "action_flag": 2, "change_message": "[{\"changed\": {\"fields\": [\"Action\"]}}]"}}, {"model": "admin.logentry", "pk": 2, "fields": {"action_time": "2025-03-13T07:38:58.316Z", "user": 3, "content_type": 7, "object_id": "190", "object_repr": "blue +4 base_cards/19.png", "action_flag": 2, "change_message": "[{\"changed\": {\"fields\": [\"Action\"]}}]"}}, {"model": "admin.logentry", "pk": 3, "fields": {"action_time": "2025-03-13T07:39:14.365Z", "user": 3, "content_type": 7, "object_id": "203", "object_repr": "green +2 base_cards/34.png", "action_flag": 2, "change_message": "[{\"changed\": {\"fields\": [\"Action\"]}}]"}}, {"model": "admin.logentry", "pk": 4, "fields": {"action_time": "2025-03-13T07:39:24.985Z", "user": 3, "content_type": 7, "object_id": "204", "object_repr": "green +4 base_cards/35.png", "action_flag": 2, "change_message": "[{\"changed\": {\"fields\": [\"Action\"]}}]"}}, {"model": "admin.logentry", "pk": 5, "fields": {"action_time": "2025-03-13T07:39:38.087Z", "user": 3, "content_type": 7, "object_id": "217", "object_repr": "red +2 base_cards/50.png", "action_flag": 2, "change_message": "[{\"changed\": {\"fields\": [\"Action\"]}}]"}}, {"model": "admin.logentry", "pk": 6, "fields": {"action_time": "2025-03-13T07:39:47.984Z", "user": 3, "content_type": 7, "object_id": "218", "object_repr": "red +4 base_cards/51.png", "action_flag": 2, "change_message": "[{\"changed\": {\"fields\": [\"Action\"]}}]"}}, {"model": "admin.logentry", "pk": 7, "fields": {"action_time": "2025-03-13T07:40:00.936Z", "user": 3, "content_type": 7, "object_id": "176", "object_repr": "yellow +4 base_cards/3.png", "action_flag": 2, "change_message": "[{\"changed\": {\"fields\": [\"Action\"]}}]"}}, {"model": "admin.logentry", "pk": 8, "fields": {"action_time": "2025-03-13T07:40:08.775Z", "user": 3, "content_type": 7, "object_id": "175", "object_repr": "yellow +2 base_cards/2.png", "action_flag": 2, "change_message": "[{\"changed\": {\"fields\": [\"Action\"]}}]"}}, {"model": "admin.logentry", "pk": 9, "fields": {"action_time": "2025-03-14T03:46:20.548Z", "user": 3, "content_type": 12, "object_id": "1", "object_repr": "CardBack default : 1 - 0", "action_flag": 1, "change_message": "[{\"added\": {}}]"}}, {"model": "admin.logentry", "pk": 10, "fields": {"action_time": "2025-03-14T03:47:34.116Z", "user": 3, "content_type": 12, "object_id": "2", "object_repr": "CardBack ijiraq : 2 - 20", "action_flag": 1, "change_message": "[{\"added\": {}}]"}}, {"model": "admin.logentry", "pk": 11, "fields": {"action_time": "2025-03-17T13:54:38.866Z", "user": 3, "content_type": 13, "object_id": "6", "object_repr": "aaaa - 1", "action_flag": 3, "change_message": ""}}, {"model": "admin.logentry", "pk": 12, "fields": {"action_time": "2025-03-17T14:14:42.026Z", "user": 3, "content_type": 13, "object_id": "7", "object_repr": "aaaa - 1", "action_flag": 3, "change_message": ""}}, {"model": "admin.logentry", "pk": 13, "fields": {"action_time": "2025-03-17T14:17:31.524Z", "user": 3, "content_type": 13, "object_id": "8", "object_repr": "aaaa - 1", "action_flag": 3, "change_message": ""}}, {"model": "admin.logentry", "pk": 14, "fields": {"action_time": "2025-03-17T14:18:07.114Z", "user": 3, "content_type": 13, "object_id": "9", "object_repr": "aaaa - 1", "action_flag": 3, "change_message": ""}}, {"model": "admin.logentry", "pk": 15, "fields": {"action_time": "2025-03-17T14:18:37.811Z", "user": 3, "content_type": 13, "object_id": "10", "object_repr": "aaaa - 1", "action_flag": 3, "change_message": ""}}, {"model": "admin.logentry", "pk": 16, "fields": {"action_time": "2025-03-17T14:20:10.573Z", "user": 3, "content_type": 13, "object_id": "11", "object_repr": "aaaa - 1", "action_flag": 3, "change_message": ""}}, {"model": "admin.logentry", "pk": 17, "fields": {"action_time": "2025-03-17T14:22:43.385Z", "user": 3, "content_type": 13, "object_id": "12", "object_repr": "aaaa - 1", "action_flag": 3, "change_message": ""}}, {"model": "admin.logentry", "pk": 18, "fields": {"action_time": "2025-03-17T14:23:16.927Z", "user": 3, "content_type": 13, "object_id": "13", "object_repr": "aaaa - 1", "action_flag": 3, "change_message": ""}}, {"model": "admin.logentry", "pk": 19, "fields": {"action_time": "2025-03-17T14:25:56.441Z", "user": 3, "content_type": 13, "object_id": "14", "object_repr": "aaaa - 1", "action_flag": 3, "change_message": ""}}, {"model": "admin.logentry", "pk": 20, "fields": {"action_time": "2025-03-17T14:26:59.468Z", "user": 3, "content_type": 13, "object_id": "15", "object_repr": "aaaa - 1", "action_flag": 3, "change_message": ""}}, {"model": "admin.logentry", "pk": 21, "fields": {"action_time": "2025-03-17T16:11:01.182Z", "user": 3, "content_type": 14, "object_id": "1", "object_repr": "GameEnvironment object (1)", "action_flag": 1, "change_message": "[{\"added\": {}}]"}}, {"model": "admin.logentry", "pk": 22, "fields": {"action_time": "2025-03-17T16:11:39.805Z", "user": 3, "content_type": 14, "object_id": "1", "object_repr": "GameEnvironment object (1)", "action_flag": 2, "change_message": "[]"}}, {"model": "admin.logentry", "pk": 23, "fields": {"action_time": "2025-03-17T16:11:52.702Z", "user": 3, "content_type": 14, "object_id": "2", "object_repr": "GameEnvironment object (2)", "action_flag": 1, "change_message": "[{\"added\": {}}]"}}, {"model": "admin.logentry", "pk": 24, "fields": {"action_time": "2025-03-17T16:11:58.756Z", "user": 3, "content_type": 14, "object_id": "3", "object_repr": "GameEnvironment object (3)", "action_flag": 1, "change_message": "[{\"added\": {}}]"}}, {"model": "admin.logentry", "pk": 25, "fields": {"action_time": "2025-03-17T16:12:04.317Z", "user": 3, "content_type": 14, "object_id": "4", "object_repr": "GameEnvironment object (4)", "action_flag": 1, "change_message": "[{\"added\": {}}]"}}, {"model": "admin.logentry", "pk": 26, "fields": {"action_time": "2025-03-17T17:22:45.673Z", "user": 3, "content_type": 14, "object_id": "2", "object_repr": "GameEnvironment object (2)", "action_flag": 2, "change_message": "[{\"changed\": {\"fields\": [\"Prix\"]}}]"}}, {"model": "admin.logentry", "pk": 27, "fields": {"action_time": "2025-03-18T11:14:01.792Z", "user": 3, "content_type": 14, "object_id": "4", "object_repr": "GameEnvironment object (4)", "action_flag": 2, "change_message": "[{\"changed\": {\"fields\": [\"Nom\"]}}]"}}, {"model": "admin.logentry", "pk": 28, "fields": {"action_time": "2025-03-18T11:14:15.543Z", "user": 3, "content_type": 14, "object_id": "3", "object_repr": "GameEnvironment object (3)", "action_flag": 2, "change_message": "[{\"changed\": {\"fields\": [\"Nom\"]}}]"}}, {"model": "admin.logentry", "pk": 29, "fields": {"action_time": "2025-03-18T11:14:52.998Z", "user": 3, "content_type": 14, "object_id": "2", "object_repr": "GameEnvironment object (2)", "action_flag": 3, "change_message": ""}}, {"model": "admin.logentry", "pk": 30, "fields": {"action_time": "2025-03-18T11:16:27.709Z", "user": 3, "content_type": 14, "object_id": "5", "object_repr": "GameEnvironment object (5)", "action_flag": 1, "change_message": "[{\"added\": {}}]"}}, {"model": "admin.logentry", "pk": 31, "fields": {"action_time": "2025-03-18T11:16:38.007Z", "user": 3, "content_type": 14, "object_id": "3", "object_repr": "GameEnvironment object (3)", "action_flag": 2, "change_message": "[{\"changed\": {\"fields\": [\"Nom\"]}}]"}}, {"model": "admin.logentry", "pk": 32, "fields": {"action_time": "2025-03-18T11:16:48.808Z", "user": 3, "content_type": 14, "object_id": "4", "object_repr": "GameEnvironment object (4)", "action_flag": 2, "change_message": "[{\"changed\": {\"fields\": [\"Nom\", \"Image\"]}}]"}}, {"model": "admin.logentry", "pk": 33, "fields": {"action_time": "2025-03-18T11:16:56.665Z", "user": 3, "content_type": 14, "object_id": "1", "object_repr": "GameEnvironment object (1)", "action_flag": 2, "change_message": "[{\"changed\": {\"fields\": [\"Image\"]}}]"}}, {"model": "admin.logentry", "pk": 34, "fields": {"action_time": "2025-03-18T12:12:25.476Z", "user": 3, "content_type": 14, "object_id": "6", "object_repr": "GameEnvironment object (6)", "action_flag": 1, "change_message": "[{\"added\": {}}]"}}, {"model": "admin.logentry", "pk": 35, "fields": {"action_time": "2025-03-18T12:20:24.623Z", "user": 3, "content_type": 14, "object_id": "3", "object_repr": "GameEnvironment object (3)", "action_flag": 2, "change_message": "[{\"changed\": {\"fields\": [\"Prix\", \"Image\"]}}]"}}, {"model": "admin.logentry", "pk": 36, "fields": {"action_time": "2025-03-18T12:21:31.260Z", "user": 3, "content_type": 14, "object_id": "4", "object_repr": "GameEnvironment object (4)", "action_flag": 3, "change_message": ""}}, {"model": "admin.logentry", "pk": 37, "fields": {"action_time": "2025-03-18T12:23:21.099Z", "user": 3, "content_type": 14, "object_id": "6", "object_repr": "GameEnvironment object (6)", "action_flag": 2, "change_message": "[{\"changed\": {\"fields\": [\"Image\"]}}]"}}, {"model": "admin.logentry", "pk": 38, "fields": {"action_time": "2025-03-24T23:01:46.808Z", "user": 3, "content_type": 17, "object_id": "1", "object_repr": "ProfileEffect object (1)", "action_flag": 1, "change_message": "[{\"added\": {}}]"}}, {"model": "admin.logentry", "pk": 39, "fields": {"action_time": "2025-03-24T23:01:58.451Z", "user": 3, "content_type": 17, "object_id": "2", "object_repr": "ProfileEffect object (2)", "action_flag": 1, "change_message": "[{\"added\": {}}]"}}, {"model": "admin.logentry", "pk": 40, "fields": {"action_time": "2025-03-24T23:02:09.174Z", "user": 3, "content_type": 17, "object_id": "3", "object_repr": "ProfileEffect object (3)", "action_flag": 1, "change_message": "[{\"added\": {}}]"}}, {"model": "admin.logentry", "pk": 41, "fields": {"action_time": "2025-03-24T23:02:32.006Z", "user": 3, "content_type": 17, "object_id": "4", "object_repr": "ProfileEffect object (4)", "action_flag": 1, "change_message": "[{\"added\": {}}]"}}, {"model": "admin.logentry", "pk": 42, "fields": {"action_time": "2025-03-24T23:02:47.668Z", "user": 3, "content_type": 17, "object_id": "5", "object_repr": "ProfileEffect object (5)", "action_flag": 1, "change_message": "[{\"added\": {}}]"}}, {"model": "admin.logentry", "pk": 43, "fields": {"action_time": "2025-03-24T23:03:19.566Z", "user": 3, "content_type": 17, "object_id": "6", "object_repr": "ProfileEffect object (6)", "action_flag": 1, "change_message": "[{\"added\": {}}]"}}, {"model": "admin.logentry", "pk": 44, "fields": {"action_time": "2025-03-24T23:03:34.855Z", "user": 3, "content_type": 17, "object_id": "7", "object_repr": "ProfileEffect object (7)", "action_flag": 1, "change_message": "[{\"added\": {}}]"}}, {"model": "admin.logentry", "pk": 45, "fields": {"action_time": "2025-03-24T23:03:46.394Z", "user": 3, "content_type": 17, "object_id": "8", "object_repr": "ProfileEffect object (8)", "action_flag": 1, "change_message": "[{\"added\": {}}]"}}, {"model": "admin.logentry", "pk": 46, "fields": {"action_time": "2025-03-24T23:04:01.394Z", "user": 3, "content_type": 17, "object_id": "9", "object_repr": "ProfileEffect object (9)", "action_flag": 1, "change_message": "[{\"added\": {}}]"}}, {"model": "admin.logentry", "pk": 47, "fields": {"action_time": "2025-03-24T23:32:19.919Z", "user": 3, "content_type": 17, "object_id": "10", "object_repr": "ProfileEffect object (10)", "action_flag": 1, "change_message": "[{\"added\": {}}]"}}, {"model": "admin.logentry", "pk": 48, "fields": {"action_time": "2025-03-25T19:25:42.240Z", "user": 3, "content_type": 17, "object_id": "4", "object_repr": "ProfileEffect object (4)", "action_flag": 2, "change_message": "[{\"changed\": {\"fields\": [\"Description\"]}}]"}}, {"model": "sessions.session", "pk": "77dhheb77tq4c1q1ndked0l8reelaxhb", "fields": {"session_data": ".eJxVjDsOwjAQBe_iGlmO_1DS5wzWrr2LA8iR4qRC3B0ipYD2zcx7iQTbWtPWaUlTERdhxOl3Q8gPajsod2i3Wea5rcuEclfkQbsc50LP6-H-HVTo9VtHNTgGVsHaqCPkwMZq5zFiCcAGOBjMukAMbJ3XTG5wOnok8P5MqMT7A-HZOA4:1tsd5C:R1r9xPq9dB9bHiQpymriiXlkn0bCPJZNcI4d33MUYKQ", "expire_date": "2025-03-27T07:34:22.668Z"}}, {"model": "sessions.session", "pk": "kjzvzkxjhvlpkdlqxo8a4xad88gozdao", "fields": {"session_data": ".eJxVjDsOwjAQBe_iGlmO_1DS5wzWrr2LA8iR4qRC3B0ipYD2zcx7iQTbWtPWaUlTERdhxOl3Q8gPajsod2i3Wea5rcuEclfkQbsc50LP6-H-HVTo9VtHNTgGVsHaqCPkwMZq5zFiCcAGOBjMukAMbJ3XTG5wOnok8P5MqMT7A-HZOA4:1tx9pi:d0TXYpu4ktWxqH5sYdX3A6L5aHk6-FN2It0xgkGvR-8", "expire_date": "2025-04-08T19:21:06.916Z"}}, {"model": "sessions.session", "pk": "p6upcjaqf0mz8tgnv0wn7yzcpu7qyqk4", "fields": {"session_data": ".eJxVjDsOwjAQBe_iGlmO_1DS5wzWrr2LA8iR4qRC3B0ipYD2zcx7iQTbWtPWaUlTERdhxOl3Q8gPajsod2i3Wea5rcuEclfkQbsc50LP6-H-HVTo9VtHNTgGVsHaqCPkwMZq5zFiCcAGOBjMukAMbJ3XTG5wOnok8P5MqMT7A-HZOA4:1twqgl:FqZ3VYNii0YvhZ95rlsxq47aRr5UgOXUj2Kmx0jXosw", "expire_date": "2025-04-07T22:54:35.949Z"}}, {"model": "sessions.session", "pk": "vgccq0ndzqonw070pk148syxqhu3mcxb", "fields": {"session_data": ".eJxVjDsOwjAQBe_iGlmO_1DS5wzWrr2LA8iR4qRC3B0ipYD2zcx7iQTbWtPWaUlTERdhxOl3Q8gPajsod2i3Wea5rcuEclfkQbsc50LP6-H-HVTo9VtHNTgGVsHaqCPkwMZq5zFiCcAGOBjMukAMbJ3XTG5wOnok8P5MqMT7A-HZOA4:1tsvu7:t2J_1fWzdgXw18jYF1c1M1LFl90vkNLLhLWMuIXTJXY", "expire_date": "2025-03-28T03:40:11.812Z"}}, {"model": "sessions.session", "pk": "yl8slci4i8b9pqn7pmw5kfgqty20huxa", "fields": {"session_data": ".eJxVjDsOwjAQBe_iGlmO_1DS5wzWrr2LA8iR4qRC3B0ipYD2zcx7iQTbWtPWaUlTERdhxOl3Q8gPajsod2i3Wea5rcuEclfkQbsc50LP6-H-HVTo9VtHNTgGVsHaqCPkwMZq5zFiCcAGOBjMukAMbJ3XTG5wOnok8P5MqMT7A-HZOA4:1tuUt8:DWsAzi635IGmzCipgpGo1Dq4JF5CdRakZG5lYdFgDYg", "expire_date": "2025-04-01T11:13:38.366Z"}}, {"model": "api_app.room", "pk": 22, "fields": {"name": "hello", "created_at": "2025-03-18T01:36:33.462Z", "player_limit": 2, "is_open": false, "invitation_code": "VHACJ8QP0C"}}, {"model": "api_app.unocard", "pk": 1, "fields": {"color": "?", "action": "?", "image": "base_cards/1.png", "is_special": true}}, {"model": "api_app.unocard", "pk": 175, "fields": {"color": "yellow", "action": "+2", "image": "base_cards/2.png", "is_special": false}}, {"model": "api_app.unocard", "pk": 176, "fields": {"color": "yellow", "action": "+4", "image": "base_cards/3.png", "is_special": false}}, {"model": "api_app.unocard", "pk": 177, "fields": {"color": "yellow", "action": "0", "image": "base_cards/4.png", "is_special": false}}, {"model": "api_app.unocard", "pk": 178, "fields": {"color": "yellow", "action": "1", "image": "base_cards/5.png", "is_special": false}}, {"model": "api_app.unocard", "pk": 179, "fields": {"color": "yellow", "action": "2", "image": "base_cards/6.png", "is_special": false}}, {"model": "api_app.unocard", "pk": 180, "fields": {"color": "yellow", "action": "3", "image": "base_cards/7.png", "is_special": false}}, {"model": "api_app.unocard", "pk": 181, "fields": {"color": "yellow", "action": "4", "image": "base_cards/8.png", "is_special": false}}, {"model": "api_app.unocard", "pk": 182, "fields": {"color": "yellow", "action": "5", "image": "base_cards/9.png", "is_special": false}}, {"model": "api_app.unocard", "pk": 183, "fields": {"color": "yellow", "action": "6", "image": "base_cards/10.png", "is_special": false}}, {"model": "api_app.unocard", "pk": 184, "fields": {"color": "yellow", "action": "7", "image": "base_cards/11.png", "is_special": false}}, {"model": "api_app.unocard", "pk": 185, "fields": {"color": "yellow", "action": "8", "image": "base_cards/12.png", "is_special": false}}, {"model": "api_app.unocard", "pk": 186, "fields": {"color": "yellow", "action": "9", "image": "base_cards/13.png", "is_special": false}}, {"model": "api_app.unocard", "pk": 187, "fields": {"color": "yellow", "action": "skip", "image": "base_cards/14.png", "is_special": false}}, {"model": "api_app.unocard", "pk": 188, "fields": {"color": "yellow", "action": "reverse", "image": "base_cards/16.png", "is_special": false}}, {"model": "api_app.unocard", "pk": 189, "fields": {"color": "blue", "action": "+2", "image": "base_cards/18.png", "is_special": false}}, {"model": "api_app.unocard", "pk": 190, "fields": {"color": "blue", "action": "+4", "image": "base_cards/19.png", "is_special": false}}, {"model": "api_app.unocard", "pk": 191, "fields": {"color": "blue", "action": "0", "image": "base_cards/20.png", "is_special": false}}, {"model": "api_app.unocard", "pk": 192, "fields": {"color": "blue", "action": "1", "image": "base_cards/21.png", "is_special": false}}, {"model": "api_app.unocard", "pk": 193, "fields": {"color": "blue", "action": "2", "image": "base_cards/22.png", "is_special": false}}, {"model": "api_app.unocard", "pk": 194, "fields": {"color": "blue", "action": "3", "image": "base_cards/23.png", "is_special": false}}, {"model": "api_app.unocard", "pk": 195, "fields": {"color": "blue", "action": "4", "image": "base_cards/24.png", "is_special": false}}, {"model": "api_app.unocard", "pk": 196, "fields": {"color": "blue", "action": "5", "image": "base_cards/25.png", "is_special": false}}, {"model": "api_app.unocard", "pk": 197, "fields": {"color": "blue", "action": "6", "image": "base_cards/26.png", "is_special": false}}, {"model": "api_app.unocard", "pk": 198, "fields": {"color": "blue", "action": "7", "image": "base_cards/27.png", "is_special": false}}, {"model": "api_app.unocard", "pk": 199, "fields": {"color": "blue", "action": "8", "image": "base_cards/28.png", "is_special": false}}, {"model": "api_app.unocard", "pk": 200, "fields": {"color": "blue", "action": "9", "image": "base_cards/29.png", "is_special": false}}, {"model": "api_app.unocard", "pk": 201, "fields": {"color": "blue", "action": "skip", "image": "base_cards/30.png", "is_special": false}}, {"model": "api_app.unocard", "pk": 202, "fields": {"color": "blue", "action": "reverse", "image": "base_cards/32.png", "is_special": false}}, {"model": "api_app.unocard", "pk": 203, "fields": {"color": "green", "action": "+2", "image": "base_cards/34.png", "is_special": false}}, {"model": "api_app.unocard", "pk": 204, "fields": {"color": "green", "action": "+4", "image": "base_cards/35.png", "is_special": false}}, {"model": "api_app.unocard", "pk": 205, "fields": {"color": "green", "action": "0", "image": "base_cards/36.png", "is_special": false}}, {"model": "api_app.unocard", "pk": 206, "fields": {"color": "green", "action": "1", "image": "base_cards/37.png", "is_special": false}}, {"model": "api_app.unocard", "pk": 207, "fields": {"color": "green", "action": "2", "image": "base_cards/38.png", "is_special": false}}, {"model": "api_app.unocard", "pk": 208, "fields": {"color": "green", "action": "3", "image": "base_cards/39.png", "is_special": false}}, {"model": "api_app.unocard", "pk": 209, "fields": {"color": "green", "action": "4", "image": "base_cards/40.png", "is_special": false}}, {"model": "api_app.unocard", "pk": 210, "fields": {"color": "green", "action": "5", "image": "base_cards/41.png", "is_special": false}}, {"model": "api_app.unocard", "pk": 211, "fields": {"color": "green", "action": "6", "image": "base_cards/42.png", "is_special": false}}, {"model": "api_app.unocard", "pk": 212, "fields": {"color": "green", "action": "7", "image": "base_cards/43.png", "is_special": false}}, {"model": "api_app.unocard", "pk": 213, "fields": {"color": "green", "action": "8", "image": "base_cards/44.png", "is_special": false}}, {"model": "api_app.unocard", "pk": 214, "fields": {"color": "green", "action": "9", "image": "base_cards/45.png", "is_special": false}}, {"model": "api_app.unocard", "pk": 215, "fields": {"color": "green", "action": "skip", "image": "base_cards/46.png", "is_special": false}}, {"model": "api_app.unocard", "pk": 216, "fields": {"color": "green", "action": "reverse", "image": "base_cards/48.png", "is_special": false}}, {"model": "api_app.unocard", "pk": 217, "fields": {"color": "red", "action": "+2", "image": "base_cards/50.png", "is_special": false}}, {"model": "api_app.unocard", "pk": 218, "fields": {"color": "red", "action": "+4", "image": "base_cards/51.png", "is_special": false}}, {"model": "api_app.unocard", "pk": 219, "fields": {"color": "red", "action": "0", "image": "base_cards/52.png", "is_special": false}}, {"model": "api_app.unocard", "pk": 220, "fields": {"color": "red", "action": "1", "image": "base_cards/53.png", "is_special": false}}, {"model": "api_app.unocard", "pk": 221, "fields": {"color": "red", "action": "2", "image": "base_cards/54.png", "is_special": false}}, {"model": "api_app.unocard", "pk": 222, "fields": {"color": "red", "action": "3", "image": "base_cards/55.png", "is_special": false}}, {"model": "api_app.unocard", "pk": 223, "fields": {"color": "red", "action": "4", "image": "base_cards/56.png", "is_special": false}}, {"model": "api_app.unocard", "pk": 224, "fields": {"color": "red", "action": "5", "image": "base_cards/57.png", "is_special": false}}, {"model": "api_app.unocard", "pk": 225, "fields": {"color": "red", "action": "6", "image": "base_cards/58.png", "is_special": false}}, {"model": "api_app.unocard", "pk": 226, "fields": {"color": "red", "action": "7", "image": "base_cards/59.png", "is_special": false}}, {"model": "api_app.unocard", "pk": 227, "fields": {"color": "red", "action": "8", "image": "base_cards/60.png", "is_special": false}}, {"model": "api_app.unocard", "pk": 228, "fields": {"color": "red", "action": "9", "image": "base_cards/61.png", "is_special": false}}, {"model": "api_app.unocard", "pk": 229, "fields": {"color": "red", "action": "skip", "image": "base_cards/62.png", "is_special": false}}, {"model": "api_app.unocard", "pk": 230, "fields": {"color": "red", "action": "reverse", "image": "base_cards/64.png", "is_special": false}}, {"model": "api_app.unocard", "pk": 231, "fields": {"color": "black", "action": "wild_+4_reverse", "image": "base_cards/67.png", "is_special": false}}, {"model": "api_app.unocard", "pk": 232, "fields": {"color": "black", "action": "wild", "image": "base_cards/68.png", "is_special": false}}, {"model": "api_app.unocard", "pk": 233, "fields": {"color": "blue", "action": "wild", "image": "base_cards/wild_blue.png", "is_special": true}}, {"model": "api_app.unocard", "pk": 234, "fields": {"color": "yellow", "action": "wild", "image": "base_cards/wild_yellow.png", "is_special": true}}, {"model": "api_app.unocard", "pk": 235, "fields": {"color": "red", "action": "wild", "image": "base_cards/wild_red.png", "is_special": true}}, {"model": "api_app.unocard", "pk": 236, "fields": {"color": "green", "action": "wild", "image": "base_cards/wild_green.png", "is_special": true}}, {"model": "api_app.unocard", "pk": 237, "fields": {"color": "blue", "action": "wild_+4_reverse", "image": "base_cards/wild_4_blue.png", "is_special": true}}, {"model": "api_app.unocard", "pk": 238, "fields": {"color": "red", "action": "wild_+4_reverse", "image": "base_cards/wild_4_red.png", "is_special": true}}, {"model": "api_app.unocard", "pk": 239, "fields": {"color": "green", "action": "wild_+4_reverse", "image": "base_cards/wild_4_green.png", "is_special": true}}, {"model": "api_app.unocard", "pk": 240, "fields": {"color": "yellow", "action": "wild_+4_reverse", "image": "base_cards/wild_4_yellow.png", "is_special": true}}, {"model": "api_app.cardback", "pk": 1, "fields": {"image": "card_back/1.png", "price": 0, "name": "default"}}, {"model": "api_app.cardback", "pk": 2, "fields": {"image": "card_back/Screenshot_2024-11-22_144106.jpg", "price": 20, "name": "ijiraq"}}, {"model": "api_app.cardback", "pk": 3, "fields": {"image": "card_back/blue.png", "price": 25, "name": "blue"}}, {"model": "api_app.cardback", "pk": 4, "fields": {"image": "card_back/red.png", "price": 25, "name": "red"}}, {"model": "api_app.cardback", "pk": 5, "fields": {"image": "card_back/yellow.png", "price": 25, "name": "yellow"}}, {"model": "api_app.cardback", "pk": 6, "fields": {"image": "card_back/gold.png", "price": 100, "name": "gold"}}, {"model": "api_app.cardback", "pk": 7, "fields": {"image": "card_back/goldenpokemon.png", "price": 100, "name": "goldenpokemon"}}, {"model": "api_app.cardback", "pk": 8, "fields": {"image": "card_back/pokemon.png", "price": 50, "name": "pokemon"}}, {"model": "api_app.cardback", "pk": 9, "fields": {"image": "card_back/red_playing_card.png", "price": 25, "name": "red playing card"}}, {"model": "api_app.cardback", "pk": 10, "fields": {"image": "card_back/blue_playing_card.png", "price": 25, "name": "blue playing card"}}, {"model": "api_app.cardback", "pk": 11, "fields": {"image": "card_back/black_playing_card.png", "price": 25, "name": "black playing card"}}, {"model": "api_app.cardback", "pk": 12, "fields": {"image": "card_back/earthstone.png", "price": 50, "name": "earthstone"}}, {"model": "api_app.cardback", "pk": 13, "fields": {"image": "card_back/Mushu_Report.png", "price": 50, "name": "Mushu Report"}}, {"model": "api_app.cardback", "pk": 14, "fields": {"image": "card_back/yu-gi-oh.png", "price": 50, "name": "yu-gi-oh"}}, {"model": "api_app.cardback", "pk": 15, "fields": {"image": "card_back/magic.png", "price": 50, "name": "magic"}}, {"model": "api_app.cardback", "pk": 16, "fields": {"image": "card_back/BoxHead2199.png", "price": 50, "name": "BoxHead2199"}}, {"model": "api_app.cardback", "pk": 17, "fields": {"image": "card_back/Kusanagi_Nene.png", "price": 50, "name": "Kusanagi Nene"}}, {"model": "api_app.cardback", "pk": 18, "fields": {"image": "card_back/Akito.png", "price": 50, "name": "Akito"}}, {"model": "api_app.cardback", "pk": 19, "fields": {"image": "card_back/Otori_Emu.png", "price": 50, "name": "Otori Emu"}}, {"model": "api_app.cardback", "pk": 20, "fields": {"image": "card_back/Kamishiro_Rui.png", "price": 50, "name": "Kamishiro Rui"}}, {"model": "api_app.cardback", "pk": 21, "fields": {"image": "card_back/inscryption.png", "price": 50, "name": "inscryption"}}, {"model": "api_app.cardback", "pk": 22, "fields": {"image": "card_back/inscryption_death.png", "price": 50, "name": "inscryption death"}}, {"model": "api_app.cardback", "pk": 23, "fields": {"image": "card_back/inscryption_stoat.png", "price": 50, "name": "inscryption stoat"}}, {"model": "api_app.profileeffect", "pk": 1, "fields": {"name": "fire", "description": "Brule", "price": 50}}, {"model": "api_app.profileeffect", "pk": 2, "fields": {"name": "rainbow", "description": "Un peu de couleur", "price": 15}}, {"model": "api_app.profileeffect", "pk": 3, "fields": {"name": "Pulse", "description": "boop", "price": 10}}, {"model": "api_app.profileeffect", "pk": 4, "fields": {"name": "rotate", "description": "tounrne", "price": 30}}, {"model": "api_app.profileeffect", "pk": 5, "fields": {"name": "glow", "description": "Brillant", "price": 70}}, {"model": "api_app.profileeffect", "pk": 6, "fields": {"name": "particles", "description": "?", "price": 35}}, {"model": "api_app.profileeffect", "pk": 7, "fields": {"name": "shadow", "description": "edgy mf", "price": 75}}, {"model": "api_app.profileeffect", "pk": 8, "fields": {"name": "bounce", "description": "aie", "price": 25}}, {"model": "api_app.profileeffect", "pk": 9, "fields": {"name": "ripple", "description": "ripple", "price": 40}}, {"model": "api_app.profileeffect", "pk": 10, "fields": {"name": "default", "description": "Pauvre.", "price": 0}}, {"model": "api_app.profileeffect", "pk": 11, "fields": {"name": "pulse", "description": "Makes your avatar pulse with animation", "price": 40}}, {"model": "api_app.profileeffect", "pk": 12, "fields": {"name": "belgium", "description": "Adds Belgian flag border to your avatar", "price": 20}}, {"model": "api_app.profileeffect", "pk": 13, "fields": {"name": "china", "description": "Adds Chinese flag border to your avatar", "price": 20}}, {"model": "api_app.profileeffect", "pk": 14, "fields": {"name": "india", "description": "Adds Indian flag border to your avatar", "price": 20}}, {"model": "api_app.profileeffect", "pk": 15, "fields": {"name": "usa", "description": "Adds USA flag border to your avatar", "price": 20}}, {"model": "api_app.profileeffect", "pk": 16, "fields": {"name": "indonesia", "description": "Adds Indonesian flag border to your avatar", "price": 20}}, {"model": "api_app.profileeffect", "pk": 17, "fields": {"name": "pakistan", "description": "Adds Pakistani flag border to your avatar", "price": 20}}, {"model": "api_app.profileeffect", "pk": 18, "fields": {"name": "brazil", "description": "Adds Brazilian flag border to your avatar", "price": 20}}, {"model": "api_app.profileeffect", "pk": 19, "fields": {"name": "nigeria", "description": "Adds Nigerian flag border to your avatar", "price": 20}}, {"model": "api_app.profileeffect", "pk": 20, "fields": {"name": "bangladesh", "description": "Adds Bangladeshi flag border to your avatar", "price": 20}}, {"model": "api_app.profileeffect", "pk": 21, "fields": {"name": "russia", "description": "Adds Russian flag border to your avatar", "price": 20}}, {"model": "api_app.profileeffect", "pk": 22, "fields": {"name": "japan", "description": "Adds Japanese flag border to your avatar", "price": 20}}, {"model": "api_app.profileeffect", "pk": 23, "fields": {"name": "pride", "description": "Adds Pride flag border to your avatar", "price": 20}}, {"model": "api_app.profileeffect", "pk": 24, "fields": {"name": "transgender", "description": "Adds Transgender flag border to your avatar", "price": 20}}, {"model": "api_app.profileeffect", "pk": 25, "fields": {"name": "bisexual", "description": "Adds Bisexual flag border to your avatar", "price": 20}}, {"model": "api_app.profileeffect", "pk": 26, "fields": {"name": "lesbian", "description": "Adds Lesbian flag border to your avatar", "price": 20}}, {"model": "api_app.profileeffect", "pk": 27, "fields": {"name": "nonbinary", "description": "Adds Non-binary flag border to your avatar", "price": 20}}, {"model": "api_app.profileeffect", "pk": 28, "fields": {"name": "pansexual", "description": "Adds Pansexual flag border to your avatar", "price": 20}}, {"model": "api_app.profileeffect", "pk": 29, "fields": {"name": "asexual", "description": "Adds Asexual flag border to your avatar", "price": 20}}, {"model": "api_app.gameenvironment", "pk": 1, "fields": {"name": "default", "description": "", "price": 0, "image": "game_environments/Screenshot_2025-03-18_071248_2zYUcX3.jpg"}}, {"model": "api_app.gameenvironment", "pk": 3, "fields": {"name": "Hut", "description": "", "price": 100, "image": "game_environments/Screenshot_2025-03-18_081951.jpg"}}, {"model": "api_app.gameenvironment", "pk": 5, "fields": {"name": "Void", "description": "", "price": 0, "image": "game_environments/Screenshot_2025-03-18_071555.jpg"}}, {"model": "api_app.gameenvironment", "pk": 6, "fields": {"name": "Autumn", "description": "", "price": 50, "image": "game_environments/Screenshot_2025-03-18_081210_z3KcF4H.jpg"}}, {"model": "api_app.cardbackinventory", "pk": 2, "fields": {"user": 2, "card_back": 1, "is_active": false}}, {"model": "api_app.cardbackinventory", "pk": 3, "fields": {"user": 2, "card_back": 2, "is_active": true}}, {"model": "api_app.cardbackinventory", "pk": 4, "fields": {"user": 5, "card_back": 1, "is_active": false}}, {"model": "api_app.cardbackinventory", "pk": 5, "fields": {"user": 1, "card_back": 1, "is_active": false}}, {"model": "api_app.cardbackinventory", "pk": 16, "fields": {"user": 6, "card_back": 1, "is_active": true}}, {"model": "api_app.profileeffectinventory", "pk": 1, "fields": {"user": 2, "profile_effect": 2, "is_active": false}}, {"model": "api_app.profileeffectinventory", "pk": 2, "fields": {"user": 2, "profile_effect": 10, "is_active": false}}, {"model": "api_app.profileeffectinventory", "pk": 3, "fields": {"user": 2, "profile_effect": 1, "is_active": true}}, {"model": "api_app.gameenvironmentinventory", "pk": 1, "fields": {"user": 6, "game_environment": 3, "is_active": true}}, {"model": "api_app.gameenvironmentinventory", "pk": 3, "fields": {"user": 2, "game_environment": 1, "is_active": false}}, {"model": "api_app.gameenvironmentinventory", "pk": 4, "fields": {"user": 2, "game_environment": 3, "is_active": true}}, {"model": "api_app.gameenvironmentinventory", "pk": 5, "fields": {"user": 2, "game_environment": 6, "is_active": false}}, {"model": "api_app.unoplayer", "pk": 29, "fields": {"user": 1, "player_number": 0, "said_uno": false, "game": 14, "hand": [202, 224, 175, 178, 179, 180, 188, 187]}}, {"model": "api_app.unoplayer", "pk": 30, "fields": {"user": 2, "player_number": 1, "said_uno": false, "game": 14, "hand": [187]}}, {"model": "api_app.unogame", "pk": 14, "fields": {"current_card": 234, "direction": true, "current_player_number": 0, "room": 22, "stored_to_draw": 0, "game_over": false, "winner": null, "pile": [231, 189, 191, 192, 193, 194, 195, 196, 197, 198, 199, 200, 201, 203, 205, 206, 207, 208, 209, 210, 211, 212, 213, 214, 216, 215, 217, 219, 220, 221, 222, 223, 225, 226, 227, 228, 230, 229, 177, 178, 181, 182, 183, 184, 185, 186]}}, {"model": "auth_app.customuser", "pk": 1, "fields": {"password": "pbkdf2_sha256$870000$hyfWRW4HVitVHknpf3fjq9$DlOvHUZPDXkOYKvxnLxh+Rdg+00AZuw9voRXq9sPhI4=", "last_login": null, "is_superuser": false, "username": "user", "first_name": "user", "last_name": "user", "email": "user@gmail.com", "is_staff": false, "is_active": true, "date_joined": "2025-03-13T07:19:08.873Z", "profile_picture": "profile_pictures/images.png", "room": null, "cards_currency": 71, "games_played": 2, "games_won": 2, "is_online": false, "last_activity": "2025-03-18T14:57:02.467Z", "groups": [], "user_permissions": []}}, {"model": "auth_app.customuser", "pk": 2, "fields": {"password": "pbkdf2_sha256$870000$ljBX3titchAz16LuarJyrM$Me3nj2sQE7zJQ+A03FjRZOoQymxcgZeTefm6FoCDdtI=", "last_login": null, "is_superuser": false, "username": "test", "first_name": "test", "last_name": "test", "email": "test@example.com", "is_staff": false, "is_active": true, "date_joined": "2025-03-13T07:30:36.831Z", "profile_picture": "profile_pictures/pp_by_vivi_dzkZ42g.png", "room": 22, "cards_currency": 1, "games_played": 2, "games_won": 0, "is_online": true, "last_activity": "2025-03-25T00:59:55.317Z", "groups": [], "user_permissions": []}}, {"model": "auth_app.customuser", "pk": 3, "fields": {"password": "pbkdf2_sha256$870000$H6ZcwV8zsShFhqkox5vz2e$zvVwCK6kTT3JWgqN5ksGvHxpApDQ3k3NfZ0Z+E4UCEU=", "last_login": "2025-03-25T19:21:06.907Z", "is_superuser": true, "username": "bygourou", "first_name": "", "last_name": "", "email": "", "is_staff": true, "is_active": true, "date_joined": "2025-03-13T07:34:05.422Z", "profile_picture": "", "room": null, "cards_currency": 0, "games_played": 0, "games_won": 0, "is_online": false, "last_activity": "2025-03-25T19:21:06.914Z", "groups": [], "user_permissions": []}}, {"model": "auth_app.customuser", "pk": 4, "fields": {"password": "pbkdf2_sha256$870000$u6biMiE3bkZA1MKklOP6Id$mwOcv8s/IWrmKarfI825ddkvL/QdsxWHnsuqQhI7i9A=", "last_login": null, "is_superuser": false, "username": "shiverny", "first_name": "vi", "last_name": "pat", "email": "shiwer.ny@gmail.com", "is_staff": false, "is_active": true, "date_joined": "2025-03-14T22:18:12.929Z", "profile_picture": "", "room": null, "cards_currency": 0, "games_played": 0, "games_won": 0, "is_online": false, "last_activity": "2025-03-14T22:25:31.387Z", "groups": [], "user_permissions": []}}, {"model": "auth_app.customuser", "pk": 5, "fields": {"password": "pbkdf2_sha256$870000$BsbywbqKVMaTHkLGbOcZHd$k8lA6/G64U1ijdXG2I3qHJ6laH8ZqIsxcfZZSB55oFs=", "last_login": null, "is_superuser": false, "username": "Mikaora", "first_name": "Asta", "last_name": "Solheim", "email": "takanechan17@gmail.com", "is_staff": false, "is_active": true, "date_joined": "2025-03-14T22:18:45.668Z", "profile_picture": "", "room": null, "cards_currency": 0, "games_played": 0, "games_won": 0, "is_online": false, "last_activity": "2025-03-14T22:24:45.092Z", "groups": [], "user_permissions": []}}, {"model": "auth_app.customuser", "pk": 6, "fields": {"password": "pbkdf2_sha256$870000$BuE58MvWqwQDWEDGDdgzQD$FC0PX9C6z/16jDh9dFlYS1IUbmWdEjMFknHZ/2NafqU=", "last_login": null, "is_superuser": false, "username": "aaaa", "first_name": "aaaa", "last_name": "aaaa", "email": "a@a.com", "is_staff": false, "is_active": true, "date_joined": "2025-03-14T23:43:48.624Z", "profile_picture": "", "room": null, "cards_currency": 18, "games_played": 2, "games_won": 0, "is_online": false, "last_activity": "2025-03-17T19:10:49.740Z", "groups": [], "user_permissions": []}}]
